{
  "project_info": {
    "project_number": "273439480257",
    "project_id": "wellbot-f68d3",
    "storage_bucket": "wellbot-f68d3.appspot.com"
  },
  "client": [
    {
      "client_info": {
        "mobilesdk_app_id": "1:273439480257:android:4fe170590e7f0384a6b740",
        "android_client_info": {
          "package_name": "com.example.wellbot"
        }
      },
      "oauth_client": [],
      "api_key": [
        {
          "current_key": "AIzaSyD5DVijyJtjwAGKhx8XuHXdCCMPsl-nyiE"
        }
      ],
      "services": {
        "appinvite_service": {
          "other_platform_oauth_client": []
        }
      }
    }
  ],
  "configuration_version": "1"
}